feature,score
NADH010104,0.21530521795561658
percent_disoder,0.21082298038551311
V,0.1273934191792831
S,0.11969325680956339
R,0.0991535618879618
Q,0.08604033315566212
K,0.08279078469457875
G,0.0780906248580175
D,0.0763427516839449
F,0.07565886591631359
P,0.07433427244992108
AD,0.06327100730516465
W,0.06115201287325087
AN,0.054566506290966
shannon_entropy,0.04952957209677216
E,0.04948914637065348
A,0.0471112623089488
AL,0.04594436058986862
Y,0.04551663743211805
AI,0.044795035534049135
AF,0.03660111219412161
I,0.035470807236508244
AP,0.03365177028717898
T,0.03210924371227046
AC,0.030946707078149758
AK,0.030336808502719314
AA,0.029110224635153115
AR,0.02888862450006585
AG,0.025864946780922903
AT,0.025224685866170885
AS,0.024034013705839595
C,0.023447304102171853
AH,0.021914116757356248
AM,0.020769115052711198
AQ,0.020342223621606672
H,0.016322089594447045
N,0.009897664539949395
X,0.007040850894393937
L,0.006957643470346576
M,0.006474370860531022
U,0.004627206090644838
AE,0.0033104004922597722
Z,0.0023670529168124937
DG,0.06605138643454501
DA,0.0481871203861258
AV,0.04420381326573654
DT,0.036619864749283484
AW,0.03346755906022494
DP,0.03142942323282613
AY,0.029788865016600816
CY,0.02944188856221381
DF,0.028879680581706875
CV,0.027470304357033345
CA,0.027144433882149304
CI,0.026423448749805442
DM,0.02227176803794535
DL,0.020530795623634617
CC,0.020139765280780705
CQ,0.01959529288823101
DN,0.017791564540777943
DS,0.01764569381668248
CG,0.016753121493476544
CF,0.016645363867129368
CR,0.01518171615569353
DH,0.014118497408527416
CH,0.014070804090194823
CW,0.013893110708427052
CT,0.013534314640007943
DR,0.012876349354267467
DC,0.008639075445300667
CL,0.007106049087791633
DD,0.006940573532344909
CS,0.00603255824090922
CM,0.005942926583438508
CN,0.005644003985957637
CP,0.0048731722060317935
CD,0.004804519957551308
DI,0.0036419012225253873
AX,0.0033250629103468883
CE,0.003318089286398074
DK,0.002747212978557034
CX,0.002367052916812501
DQ,0.0016355271259012698
CK,0.0006513227918531441
DE,0.00027554415297800994
ER,0.0544046690902361
EL,0.04892337898810736
FA,0.05768108976217021
DV,0.049913825856039304
FD,0.04797346599100883
EQ,0.042698940365788286
DY,0.03913410836049117
FL,0.03874131479794157
EK,0.0382687508930663
FG,0.03490967265744271
EE,0.03364797686382355
FT,0.03238924688476832
ES,0.03131189760664276
FI,0.030780988325347054
FM,0.027910734811694093
EP,0.027538362284939725
FF,0.025983658965072425
DW,0.025648633123770498
EI,0.025321962571496714
EN,0.020921482196759964
EF,0.019017440632742015
ET,0.018551660528436688
EV,0.016055995747680133
FP,0.014774293364720236
EH,0.013526898984326316
FQ,0.011442628833880206
EW,0.011066051485822282
FN,0.010541136132497927
EM,0.010171038318756436
FH,0.009783644609080535
EA,0.009440029161931198
EY,0.006778018182844721
EG,0.004714033541730873
FE,0.0037415673519242206
FK,0.003586955821552302
ED,0.0035677076424861184
FC,0.003156195030569946
EX,0.003001775804895589
EC,0.0028742872198793015
DX,0.002658653530303749
FU,0.0023670529168125032
EZ,0.0023670529168124937
FR,0.0010362749216214274
FS,0.00010899691001156942
GT,0.08004925271924926
GD,0.06204715137521538
GV,0.06128350355820159
GY,0.048103911137382764
GI,0.042933811623861895
FV,0.04032415351021084
GA,0.038202690166750236
GW,0.037696892078770416
HH,0.04037962206548415
FY,0.03850384510711339
HQ,0.038007164635988654
HR,0.03533318221418582
HS,0.033715239015374925
HG,0.0334738722667616
HP,0.03215217420023889
HD,0.0295559642109013
GC,0.027383549559593025
GL,0.026100491456431823
GR,0.025574876765081057
GH,0.024051810822021378
GF,0.024003875273047922
HC,0.023916178363701284
HF,0.02231406766725404
GN,0.02216310713475549
HM,0.020543107055281753
HL,0.020370467499990164
GM,0.019459948023774043
FW,0.016506168329773693
HT,0.01533178594322889
HA,0.013990587632213732
GG,0.012458497167580245
GK,0.010995615150116864
HK,0.010156120203896965
GQ,0.00962602838881184
GP,0.007488235071535789
GE,0.006462146770144732
GS,0.006248593333256785
HI,0.005050243586653639
HN,0.00504121344903672
HE,0.0032371685433301304
GX,0.0028837589552620333
FX,0.002367052916812509
GU,0.002367052916812508
KR,0.11376710256148567
KK,0.09458782634058557
IV,0.06657679515739252
KQ,0.06639926463384882
IG,0.05963738023645534
KS,0.05823414140088017
IA,0.05070685428153487
KA,0.04897230698899216
ID,0.044297069691322084
KP,0.04243702427072101
HV,0.035549750334698524
KH,0.03480744696204617
IR,0.034357600665652334
KE,0.033822519035370986
KM,0.03355486520263895
IQ,0.03078818410482946
KT,0.02943061925636627
HY,0.027380457817876652
IK,0.020238120182227586
IY,0.020104072864823495
KG,0.01854429443954228
KL,0.01743719433695563
IM,0.014208242584731296
IL,0.013241631542252113
IW,0.012917936573100105
II,0.012409318805048803
IF,0.012240574328158756
IS,0.012025399192422313
KF,0.011595557781233263
IT,0.011270179793018382
KC,0.010719166722162119
IN,0.010038082410507774
KN,0.009076697338692083
HW,0.008716218044208484
IH,0.008686452443966345
KI,0.007485296321228923
IE,0.0033875610245132147
HX,0.00314899209981654
KU,0.0023670529168125054
IX,0.0023670529168124937
IP,0.001798149171718306
IC,0.0013566932467730997
KD,0.0007640333948427514
LG,0.06005984594421465
LE,0.05126936382594125
LS,0.0356424587311494
LA,0.032663712245184946
LD,0.019858496431272438
LV,0.04772436120156996
LM,0.03480537173418
LP,0.034311420116698965
KW,0.020061030848907056
MP,0.029417846023284
MS,0.026693477141318145
LF,0.024643126981417313
MI,0.023021353430878893
LN,0.02218288190965743
LW,0.02100404237542463
ME,0.02051388718224946
MH,0.01888551585477098
MN,0.018343433604973584
LI,0.017400399834486376
LK,0.016994241291728347
MT,0.016262636087208817
LL,0.016181723493728768
LR,0.015752313873946593
ML,0.014618413684562629
LQ,0.013965884919084631
KY,0.01039611770717283
LY,0.00908904380963523
LH,0.009061424123414392
MM,0.008816730391450674
KV,0.008486256266191605
MD,0.008290047664601875
MC,0.007413052065735729
MF,0.0071533428888504134
MA,0.006348561304955284
LC,0.005834538953776834
MG,0.002830181718018776
KX,0.0023670529168125084
LT,0.001752896013319102
MR,0.0015478588540697444
MK,0.001542449985165901
MQ,0.000773465925154184
PP,0.0914226255875411
PS,0.09108372004679854
NV,0.05020307477717815
NS,0.04919569789911585
PQ,0.04813833056179265
PK,0.047132067639072774
NG,0.04634209483250894
PH,0.041250981868385946
NR,0.040582676346202606
PR,0.038292753181472065
PA,0.03650838678035736
NK,0.03499811633553658
NW,0.0311629385033775
NF,0.02846738110624107
NA,0.022743571970675863
PG,0.022506643744781455
MV,0.019795044695665353
MY,0.01966510623939727
NQ,0.019492376523308874
PI,0.019183896613990035
NP,0.018086589751067833
PF,0.01665555122011337
PC,0.013387882943468175
PN,0.013253526230869806
NC,0.01291827352814089
NL,0.012241720924924253
NY,0.011634434375352585
NT,0.010130507219051338
PT,0.00981664261457062
PM,0.009142171245748607
NM,0.008779222304432548
NH,0.006318602217796277
NI,0.004871700559980215
NN,0.004827174390048535
PD,0.004403548241125341
PL,0.0036016225647310866
NE,0.0033464779740259147
MW,0.003234375774765172
ND,0.002590238676421678
PU,0.002367052916812505
NX,0.0023670529168124997
MX,0.002367052916812493
PE,0.0020027327110273526
RK,0.12400791161877776
QS,0.07592485876961531
RS,0.07087355770895634
RR,0.0638883756924176
QQ,0.06154537259476581
QT,0.060424109646856454
QR,0.05578859243092107
RT,0.05482976482396638
QE,0.05307733691323724
RL,0.04986342470999573
RH,0.04847652473112508
RE,0.044619563250141936
RQ,0.04393895487269603
RI,0.036157461377297584
QL,0.031702207012997884
QK,0.03030551541664091
QP,0.029830267162366583
QM,0.02657730141722126
QN,0.023994404061204826
RP,0.02189276871129362
PW,0.021452507670546763
QH,0.020141858572619013
RN,0.017430498372568395
QW,0.017175590037245298
RC,0.01687458779835822
RG,0.01495263293975189
RM,0.014638831048806668
QD,0.01334899865698495
QI,0.01123777479444505
QG,0.009921082484874631
RD,0.008476388538042327
QV,0.00707825610286522
QC,0.0032315803278028274
RA,0.002891740559909527
QF,0.0028087114529420747
QY,0.0026253624016186585
PX,0.002610340255366329
QX,0.0023670529168124924
QA,0.001309562914839294
PY,0.00029489659220861543
PV,5.587944843391156e-05
RF,9.231458120581767e-06
SP,0.12614071424098627
SS,0.10880167777574071
VV,0.0845270722420699
SE,0.0779633647684788
SR,0.07535595534796607
SK,0.0541933013579303
SQ,0.053287111414582325
ST,0.04469486450625955
SH,0.03210816694082146
SN,0.030949157607626485
SA,0.026551422140271768
TS,0.04358832416491888
TG,0.04237848216316746
TA,0.041505264214161786
TT,0.036864250720177585
TK,0.033735991728611775
TM,0.032305530537028684
TP,0.030649185571402948
SD,0.02672988830963779
TF,0.02572985964565668
TR,0.022864238962034697
TC,0.02278829269509765
SL,0.018379664650502326
TL,0.01747201335709272
SM,0.017266515023975006
TQ,0.01577903989283466
SV,0.014283994282421794
RY,0.013980577402676088
SW,0.01317992533200365
SG,0.012586613250842666
SC,0.011840146066135813
SY,0.00911483353724757
TN,0.008490953173007063
RW,0.007858362319489581
TD,0.007719465641756036
SI,0.0065328175329977855
TE,0.005577238806453549
RV,0.005018733390219791
RX,0.003336397475506946
SX,0.0032734130401187726
TI,0.0015714971325966923
TH,0.0006185943708435387
SF,0.00046604252259641174
VD,0.08464933819657067
VG,0.06995013626110866
VA,0.06185827621184988
VF,0.05825174950076304
VI,0.05098077950996595
TV,0.05067091011657343
VL,0.0463686062803102
VN,0.03986606846186208
WY,0.037657655635194257
WV,0.03578855655132106
WG,0.03514021274010047
WW,0.03296331149589695
WD,0.03076788288546873
WI,0.030118881370151326
WA,0.029202666249589886
WT,0.02647863504534636
WP,0.023604074974360643
WE,0.02240518296472934
WH,0.01608175144070643
WM,0.013117933378869382
WF,0.013063708245032
WS,0.012672723385782061
VY,0.01107756224309964
WL,0.010553542849020357
WN,0.008365989573284707
VW,0.00682160600871319
WK,0.005939606286779942
WR,0.0054312872722321595
WC,0.0043723597250596115
XG,0.0036086650089669557
XS,0.004178003899214154
WQ,0.0033981019784209265
XP,0.003322956816882297
XE,0.00314922918188592
XD,0.003018650560455198
XL,0.0029350944999258183
VX,0.0026906399054782123
XK,0.002680517922219241
XI,0.002367052916812509
XA,0.002367052916812501
XC,0.002367052916812501
XT,0.0023670529168124997
XH,0.002367052916812499
XQ,0.0023670529168124984
XF,0.0023670529168124937
XR,0.0023670529168124906
XM,0.002367052916812488
YD,0.038158558607427104
TY,0.033744640211116055
YG,0.03251209406988835
VP,0.0323326895072796
YV,0.03141580552432521
YW,0.030570751583543276
VE,0.028621474842906645
VT,0.027779498359250268
YY,0.027098778043241713
YF,0.027084922246661827
VM,0.026110443778784638
YA,0.022243798376005437
YN,0.021354891551117836
TW,0.02086905427803298
YT,0.020505248052183785
YQ,0.017809869498067395
YE,0.017306158949087675
YC,0.014781918447849813
VS,0.013541501260814378
YS,0.011919016547124921
YM,0.010792948036779429
YL,0.009560489188797362
VC,0.009496731643195097
VQ,0.008439648941448384
YK,0.007847487278648653
YP,0.007109248376326732
VK,0.006352157492105113
YR,0.005972124559404466
VR,0.004318766334008772
VH,0.00409123350045654
XY,0.0033414078393446383
UH,0.0032984704764808842
VU,0.0032984704764808842
YI,0.0026379517777804793
YH,0.0024934261174414172
XX,0.002367052916812509
UA,0.002367052916812508
UG,0.0023670529168125054
UL,0.002367052916812505
XV,0.0023670529168125037
UI,0.0023670529168125032
ZD,0.0023670529168124937
YX,0.0023670529168124906
NADH010103,0.21006748392392915
NADH010106,0.20612937715189847
VINM940103,0.20526318037952068
NADH010105,0.2026030341955417
FINA910103,0.20103493228213332
GUYH850101,0.2005407753011557
KRIW790101,0.19752621964221195
QIAN880122,0.1949582936337696
NADH010102,0.1947196405209
GUYH850105,0.1945438904084677
PALJ810104,0.19343029023280028
RADA880104,0.19336351846066718
ROSG850102,0.19147592641890343
CHOC760103,0.19068279467403795
BAEK050101,0.1904447257105499
CASG920101,0.18985188695184493
FASG890101,0.18746437640670252
EISD840101,0.18714279894947666
RACS770102,0.18587522001349469
BASU050103,0.1847671454805465
BIOV880101,0.18449972445736784
JANJ780102,0.18442441133609486
MEIH800102,0.18320751268693627
PONP800101,0.18304656028310143
CHOC760102,0.18303255406533037
JANJ790101,0.18284892819096346
MIYS990105,0.18243160680752613
NADH010101,0.1822523823036397
RICJ880113,0.181616768961324
MEIH800101,0.1808212180949849
MIYS990104,0.18008444224435682
PONP800102,0.17986447238099337
BIOV880102,0.17917129658738912
OLSK800101,0.1789227245470254
ZHOH040103,0.1785773237908752
MIYS990103,0.17849445876553466
PONP930101,0.17814771800255422
JANJ790102,0.17719028458445024
BEGF750102,0.17631280936257143
GUYH850104,0.17615864847112314
RADA880107,0.1757226258898359
CORJ870101,0.17563115810816013
COWR900101,0.1745354364598483
FAUJ880109,0.1745280079525184
MANP780101,0.17412156673959536
VINM940101,0.1739843458087386
CIDH920104,0.17388607470925768
NAKH900110,0.1734895040535084
JANJ780101,0.1731610279193459
KARP850102,0.17314308850565815
KRIW790102,0.1729000346201006
RADA880108,0.17288026939343507
NAGK730102,0.17283051654614706
NISK800101,0.17279742000593415
JANJ780103,0.17225232168658475
JURD980101,0.1720768804686606
PONP800108,0.17181709190426195
PONP800104,0.17159249611063287
VINM940104,0.17156251053024107
NISK860101,0.17111710496609822
RADA880101,0.16969418730086727
gravy,0.169636704602595
PUNT030101,0.1695103888593195
KYTJ820101,0.16899487799304314
PONP800103,0.1686178575899031
OOBM770103,0.16748584981106285
instability_index,0.16699604107644422
CHOP780209,0.16693317635099336
MIYS850101,0.16689115236837035
RADA880105,0.16649286346917827
KIDA850101,0.16633316673292037
EISD860103,0.16563447729775804
SUYM030101,0.16464292954664278
DESM900102,0.16416805265669313
PONP800107,0.16401845055438377
RACS770101,0.1640082423124724
PARS000101,0.1639750237615741
KANM800102,0.16392504405902136
ROSM880105,0.16292117673612402
CHOC760104,0.16224228741548855
PALJ810112,0.16213479263368122
KOEP990102,0.16196145710416562
RADA880102,0.16194078814702592
MAXF760106,0.16156630264868424
FAUJ830101,0.16141393419654368
OOBM770101,0.1613577604776155
WOLR810101,0.16099497189785672
FASG760102,0.1609899683240191
ROSM880102,0.16029274658498757
ROSM880101,0.16018572932210398
GEIM800107,0.15986075905873484
WOLR790101,0.1589203251315447
KUHL950101,0.15885325836567254
DESM900101,0.15878723903191355
PTIO830102,0.15808517101594016
MEEJ810102,0.15788626898513478
NOZY710101,0.15784826463231189
BLAS910101,0.157526311680259
PUNT030102,0.15674769352783274
MONM990201,0.15657407507102972
VHEG790101,0.1565103568862425
MIYS990102,0.15639132098656866
CHOP780202,0.1559711065385635
MIYS990101,0.1556465114059085
KARP850101,0.15550301135237632
JACR890101,0.15520487920791806
ISOY800106,0.15518052546727815
MEIH800103,0.1538525671661735
HOPT810101,0.15368178436889232
RACS770103,0.1536037737171815
LEVM780102,0.15323466763786678
PRAM900103,0.15323466763786678
MONM990101,0.15274056218180887
FUKS010104,0.15260651497032832
WERD780101,0.1524117021290902
LIFS790102,0.15157141958908207
EISD860101,0.15142619140086913
VINM940102,0.15122841715720692
BASU050101,0.15092428060877155
CIDH920105,0.15084246737875467
QIAN880121,0.1507301525903215
WILM950101,0.15041911388576498
GUYH850102,0.15018867892138998
GUOD860101,0.14970330638320925
GEOR030107,0.14959030821285013
OOBM850103,0.14915987866072333
LIFS790101,0.1489700866066926
BHAR880101,0.14777788624959434
BASU050102,0.14734409739856813
KRIW710101,0.14636749707897076
LEVM760101,0.14605124594693789
CHOP780213,0.14477600056595935
KANM800104,0.1435794914373418
PALJ810111,0.1434569195152298
FAUJ880111,0.1430880965969021
EISD860102,0.1428491792096207
VENT840101,0.1428242576346238
ZIMJ680104,0.1412592003443422
PONP800105,0.14124786180119914
PRAM900101,0.14067605127522753
CORJ870103,0.14066295446696553
ENGD860101,0.14060734181620502
SWER830101,0.14034436804035552
GRAR740102,0.1402148414519549
CORJ870106,0.13973290197453647
CORJ870102,0.13971275145191525
MEEJ810101,0.13954710800018788
CORJ870107,0.13934797931278298
WOLS870101,0.1376357273247776
LEVM780105,0.13677015449814356
PALJ810110,0.13659941459552968
NAKH900113,0.13549035342096646
CIDH920103,0.13534195255568088
CORJ870108,0.13520094849782494
YUTK870101,0.1348161126700507
CIDH920102,0.134466762476846
NAKH920108,0.13366080368539557
MEEJ800102,0.13256643958070818
FUKS010107,0.1321164970783069
VASM830102,0.13168966645404473
CEDJ970105,0.13155363113805238
PLIV810101,0.13116600553532842
MUNV940103,0.13086153606557763
ROBB760106,0.13024079700836522
CORJ870105,0.12969307343635209
RICJ880114,0.128109090410253
PALJ810103,0.12736320693015932
CORJ870104,0.12730168950476414
ROSM880104,0.12670178863930168
PARS000102,0.12668686812627866
NAKH900111,0.12642352911601734
helix,0.12630830692895406
WARP780101,0.1261538517253612
RICJ880116,0.12582085072138066
PARJ860101,0.12392276683274515
RICJ880111,0.12374594884756267
NAKH920106,0.12359017115302501
CRAJ730102,0.12334525800275126
g5.g5.g5,0.12218283869563962
ROBB790101,0.122070455103969
QIAN880120,0.12196221208617204
AURR980119,0.12185819001857026
WILM950102,0.12156172212827479
NAKH920105,0.12140979726648808
KLEP840101,0.1210664747081941
FAUJ880104,0.12105666082038039
RACS820101,0.11975570727571568
LIFS790103,0.1192704320679815
TANS770104,0.11839668404791491
GEOR030102,0.11779787482335408
GUYH850103,0.11694962904774313
GARJ730101,0.11683448869517787
FASG760105,0.11642446260413829
ZHOH040101,0.11601588716174341
CIDH920101,0.11523474520180634
GEIM800105,0.11455623209653516
ISOY800104,0.11428759980518576
HUTJ700103,0.11378133719376424
PONP800106,0.1133739860158196
OOBM850105,0.11294404195881828
GEOR030101,0.11290538494474844
FUKS010105,0.1126503129646781
AURR980116,0.11250399091525601
ROBB760105,0.11189570154819219
RACS820105,0.11124735048106157
FAUJ880110,0.11084404556446772
QIAN880131,0.10983977747083032
FUKS010106,0.1092966309493755
WIMW960101,0.10882307388779765
ZIMJ680105,0.10817171081039353
WEBA780101,0.10816029320096061
QIAN880134,0.10773276295076534
QIAN880119,0.10700068933548355
NADH010107,0.10671272882220104
BULH740101,0.10653603051399735
BROC820101,0.10617850554921088
QIAN880115,0.10542095438804476
JOND750102,0.10472862129041878
KARS160116,0.10273887510328072
ZIMJ680103,0.10263294655560966
YUTK870103,0.10241472189187978
YUTK870104,0.1022972461019754
charge,0.10202549349014113
AURR980106,0.1014881248659508
RACS820102,0.10144360220299799
WOLS870102,0.10070809049498114
WOEC730101,0.100343699148874
WERD780104,0.10017015171385739
QIAN880135,0.09899818967363888
FUKS010102,0.0989046219153396
KARS160114,0.09887520684636915
RACS820109,0.09847200213681123
KARP850103,0.09769536685936991
GEOR030106,0.09737053439585
CHAM820102,0.0971742096570714
TANS770106,0.09710994712352151
FUKS010108,0.09669326636379795
QIAN880127,0.09587727230159157
GEOR030103,0.09529480526185108
KARS160115,0.09517257824400423
RICJ880108,0.09502146858880348
g1.g2.g1,0.09479563476787167
OOBM770102,0.09469537990470014
MAXF760102,0.09454645829613806
FUKS010101,0.09443738479438188
WERD780103,0.09403106479212564
CHOP780207,0.0935768476516122
ARGP820103,0.09356746234276932
KARS160106,0.09343988681253841
CHAM830105,0.09332082762558633
g5.g5.g3,0.09294736468500299
TAKK010101,0.09270929904057831
CHOP780208,0.09122260132820631
YUTK870102,0.09121654403285802
GEOR030104,0.09089811100327742
DAWD720101,0.09085592830388804
CHOP780216,0.09024796743539454
AVBF000101,0.0898169831904598
KOEP990101,0.08938275080188438
QIAN880128,0.08921003142251496
KUMS000101,0.08909329360767933
QIAN880137,0.08882608781760198
CHOP780203,0.08851355916867909
AVBF000107,0.08844779977957531
QIAN880118,0.08823357688059799
HUTJ700102,0.08790164641537634
GEIM800110,0.08712822998613039
PALJ810115,0.08688646550333932
g1.g1.g2,0.08687034165307699
g2.g1.g1,0.08628357505148695
LEVM760102,0.08615954305431184
LEVM760105,0.08537670891994197
BURA740102,0.08534141545475799
g1.g5.g5,0.08517050531786442
FODM020101,0.08512822543850532
CHOP780210,0.08369038704937085
GEIM800106,0.08359548274577701
QIAN880133,0.08267966971980627
NAKH900109,0.08205150658641096
KUMS000102,0.08165387955388612
FAUJ880113,0.08129028245992265
NAKH920101,0.080589576154512
WOLS870103,0.08015884524188026
RACS820107,0.07986589591905757
PALJ810109,0.0789968616488915
QIAN880116,0.07885518844897182
MAXF760105,0.07858210033537445
FUKS010103,0.07850914887821875
QIAN880132,0.07745697180367253
SNEP660102,0.07745382088729387
PRAM900104,0.07741020750759886
g2.g5.g5,0.07727835186875467
TANS770109,0.07629225101320716
LEVM780103,0.07615511592507312
CHAM830102,0.07608935208430662
QIAN880124,0.07587783212227639
g5.g5.g2,0.07493455497009865
TANS770102,0.07492149675947798
SUEM840102,0.07490636039892493
g1.g1.g1,0.0748826068378866
CHAM830101,0.07483292403728027
ISOY800107,0.07469192656172129
MEEJ800101,0.0746677606959543
ISOY800102,0.0744275689779066
QIAN880130,0.0742123085949525
GEIM800111,0.07395669288716096
g1.g1.g6,0.07372690514739041
MITS020101,0.07334400349510585
ARGP820102,0.07313137135612592
KARS160122,0.07309450429852997
ARGP820101,0.07264298095717726
JOND750101,0.07258607541447182
MUNV940104,0.07130764160332338
AURR980102,0.07114968431438246
LEVM780106,0.07097347397688286
NAKH900108,0.07077396798481861
BUNA790101,0.07069614695227551
g4.g5.g5,0.07020434119416269
KARS160108,0.06986829163167892
QIAN880139,0.06948193743794571
CHAM830106,0.06935309218943231
BEGF750103,0.06903658572522882
QIAN880103,0.06894497555363724
VASM830103,0.06878053561397052
NAKH900102,0.0686999671833252
g5.g5.g1,0.06865025073738022
AURR980115,0.06857253505220609
BEGF750101,0.06854889449714079
NAGK730103,0.068392715125506
HOPA770101,0.0680785846052374
NAKH900112,0.06796927549469763
TANS770105,0.06785953941495092
KARS160121,0.06778816307984364
g1.g1.g4,0.06765216539303948
CHAM830108,0.06759520929331411
g5.g5.g6,0.06740958263210778
QIAN880114,0.06682437254651744
BROC820102,0.06672217297188099
SIMZ760101,0.06633456735620459
FINA910102,0.06623171363976676
g5.g3.g3,0.06596650847280677
GRAR740101,0.06590562102474413
RICJ880109,0.06570751796342097
CHAM830107,0.06541360185691207
ROBB760107,0.06502958954594079
g3.g5.g5,0.06500621396443423
g3.g1.g1,0.0645806274692997
GEOR030109,0.06452935532109541
ROBB760109,0.0642314286678811
KARS160107,0.06407485593553493
QIAN880117,0.06391751681203094
g6.g5.g5,0.06380661590147954
KARS160105,0.06365130304215448
CHOP780101,0.06338985557079242
GEOR030108,0.06328715622922991
CHOP780205,0.06302436041674941
FUKS010111,0.06298479999085341
ROBB760113,0.06267227341228679
QIAN880129,0.06250163813770859
NAKH900104,0.062450638166729196
g5.g3.g5,0.06230458512959295
KARS160111,0.06224949101225102
FAUJ880106,0.062089178924085726
GOLD730101,0.0619817422105201
AVBF000104,0.06163129322944335
GEIM800104,0.061367858369701205
GEOR030105,0.060914047477005455
ROBB760110,0.06028975854756027
NAKH900107,0.06027924590949628
MUNV940105,0.059707337774609084
KARS160113,0.0593776569882747
QIAN880123,0.05918008072027338
g5.g2.g5,0.05850931356594994
ROBB760103,0.05824368514912459
g1.g3.g1,0.05765189736933337
LEVM760103,0.05761057028026413
g4.g4.g4,0.05704962704862263
g4.g5.g3,0.056785592469399966
turn,0.05660435723877939
g5.g5.g4,0.0565920584677986
FAUJ880101,0.05657239534464536
g6.g1.g1,0.05604179463342234
QIAN880113,0.055956465468586694
g4.g1.g1,0.05593899736457528
CHOC760101,0.05580573979576376
g1.g6.g1,0.05534375738108585
TANS770110,0.05490926184571633
CHOP780211,0.05484175587765999
FASG760101,0.0547704136322364
g3.g4.g5,0.054764484085338606
ZHOH040102,0.054648755202115686
RADA880103,0.05448014625380305
NAKH900106,0.053772688565074216
g1.g4.g1,0.053751662458785675
g6.g6.g6,0.053690655036843574
RACS820111,0.05322126873133461
NAKH920102,0.05321046934988076
RICJ880107,0.053196609808792324
ZIMJ680101,0.05309865200968261
ISOY800103,0.052932822524185325
g1.g1.g3,0.052920818935474824
ISOY800108,0.052860052031940274
VELV850101,0.05283854531179581
COSI940101,0.05281757128396115
MAXF760104,0.05278694301749092
KARS160118,0.05270481732301081
g2.g1.g2,0.05249327350758254
LEVM760104,0.05245497384061107
ROBB760108,0.05239566596109911
FAUJ880108,0.052373270120716964
g5.g4.g5,0.05203397916681521
BUNA790103,0.051943981896193085
NAKH920104,0.05191900785374056
PALJ810106,0.05190147057705543
PRAM820102,0.05161084512480297
g5.g6.g5,0.05154657498734704
ANDN920101,0.05144215565650152
CEDJ970103,0.05141605897128326
ZASB820101,0.05139623387834635
QIAN880105,0.051299584053169735
g5.g4.g3,0.0508257004741855
ROBB760112,0.05082514028827874
g5.g1.g5,0.050714156095194626
DAYM780201,0.0505623280146126
GEIM800108,0.04955946019203989
BLAM930101,0.049460389949510394
OOBM850101,0.04905031374637729
g1.g6.g2,0.04879322173821323
g2.g4.g5,0.04856183751717311
g2.g6.g1,0.04841319955151937
AURR980104,0.04838624630764899
KARS160101,0.04834943425429735
g2.g2.g1,0.04807244195282286
FAUJ880103,0.047811186643070124
RACS820106,0.04737227361923228
NAKH900103,0.04688688810724325
KARS160117,0.04684833622643025
g1.g2.g6,0.046784621123087775
g2.g5.g4,0.04647147629434132
JOND920102,0.046466147263253536
DIGM050101,0.0463899372305668
PRAM820101,0.04612709864101248
g1.g6.g3,0.0457521777316476
PTIO830101,0.04574713844127648
FUKS010110,0.04548280821963312
ISOY800105,0.04495914993621834
RACS820113,0.0445851610836628
KARS160109,0.04450815498808149
TANS770108,0.04448491624708927
g2.g3.g1,0.043874977125635255
g3.g3.g3,0.043200210541950564
OOBM850104,0.042766400031842886
KARS160104,0.04183497144248988
KUMS000104,0.041655558708131236
NAKH920107,0.04161863212120976
CHAM820101,0.04143028540557542
CHOC750101,0.04134266660798304
KARS160120,0.04112962884657572
g4.g5.g2,0.04073298554217546
NAKH900105,0.040686932147418114
g4.g3.g2,0.040214042119782176
KARS160102,0.03980339416898227
g1.g2.g2,0.03931099306164093
g3.g5.g3,0.039257090659108644
g2.g3.g5,0.039003368655208294
PALJ810114,0.03870031937310397
g2.g1.g6,0.038455509174340034
QIAN880108,0.03832637204931068
TSAJ990102,0.03815447222968011
RICJ880105,0.03802754710036228
g4.g1.g6,0.037833001751486656
ZIMJ680102,0.03767099946294414
g2.g6.g5,0.037662913169042925
ROSG850101,0.03757521693089322
ROSM880103,0.0375401105509955
g5.g6.g2,0.037484641704073625
ONEK900102,0.03741734006677539
g5.g2.g2,0.03735356820339848
FAUJ880107,0.037305100279605055
KARS160103,0.0370679539055791
LEVM760107,0.03697897586086493
g2.g1.g3,0.036753011140414946
TSAJ990101,0.03594530986183694
g5.g3.g4,0.03593502280635805
g5.g3.g6,0.03573504726466359
g3.g2.g3,0.03568149311789599
g1.g4.g2,0.03565442358703729
g2.g3.g3,0.03541450719801857
CRAJ730103,0.03530118116019786
g3.g1.g2,0.035231652626866644
AURR980105,0.03511287083090874
KARS160119,0.03503182431832101
g1.g1.g7,0.03479968222121404
g1.g7.g1,0.03436887722522145
g5.g2.g4,0.03427393227991168
NAKH920103,0.03422392239600108
g3.g5.g2,0.03419372608048794
g3.g4.g4,0.03415995220108595
HARY940101,0.03412740472618526
AURR980111,0.033907990804845925
FINA910104,0.03367900034778752
CHAM830104,0.033444092546300035
KARS160112,0.03340588730207399
AURR980110,0.03336801346409348
g4.g2.g1,0.03302823533451911
GEIM800103,0.032975508132893315
BIGC670101,0.03288584275133688
g1.g3.g7,0.03273309660949741
AURR980112,0.032599148044391485
GEIM800101,0.032566044947197316
AURR980107,0.032509597569292614
GOLD730102,0.03236197415016438
g3.g4.g3,0.032239624425623156
RICJ880104,0.032182817099861434
AURR980117,0.0321098033817239
KUMS000103,0.032084622364285956
YANJ020101,0.031981264919010884
g5.g4.g2,0.03186161921084498
g1.g6.g4,0.03180899617145652
g6.g1.g2,0.03180264482139019
TANS770103,0.03179743603514226
g2.g2.g6,0.031740577625004686
QIAN880111,0.031661009864198696
g6.g1.g4,0.031596366643164266
JUKT750101,0.03138867602527603
CHAM830103,0.03136701674358154
g3.g6.g3,0.03132955959952287
PONJ960101,0.03128955202149844
KHAG800101,0.031159357142367304
g4.g4.g3,0.030893162875104522
FASG760104,0.030830732569791516
g7.g5.g6,0.03071698370250734
g4.g1.g2,0.03038386366588852
LEVM780101,0.030365555294510346
PRAM900102,0.030365555294510346
g3.g2.g5,0.030308509788186933
COHE430101,0.030258410368134328
g1.g3.g3,0.030123335892988268
g3.g4.g1,0.030105903507969874
g7.g1.g3,0.029878931779182525
FUKS010112,0.029789241269211498
g2.g2.g5,0.029257645770173535
KARS160110,0.029110179686598646
g1.g3.g4,0.028983642274041366
g3.g3.g2,0.028927617469766107
g7.g1.g1,0.028865331327726913
g5.g4.g6,0.02874674346916136
PALJ810105,0.02870523803807322
RICJ880112,0.02862962946146461
g5.g3.g2,0.028567675534972296
g2.g1.g7,0.028504322124010408
g6.g3.g1,0.02845666838326853
g1.g3.g5,0.02840238430655139
MAXF760101,0.028268823240813916
KRIW790103,0.028053030723247652
PALJ810113,0.028041437281226496
KANM800103,0.027731246965947684
CHOP780206,0.027695187233090137
g1.g2.g4,0.027657682271644966
PALJ810107,0.027620237010303552
g4.g1.g3,0.027604611364908733
g1.g7.g2,0.027580526907729126
QIAN880138,0.027573323392653046
g4.g7.g1,0.02735259289696694
g5.g1.g3,0.027323630283423442
g2.g3.g4,0.02694876756080391
g4.g2.g7,0.026850110059633236
g2.g4.g1,0.026806620295071297
g3.g6.g5,0.026740378616842003
g6.g1.g3,0.026724068112557762
RICJ880115,0.026707092622819607
WILM950103,0.02667030805299935
g6.g3.g7,0.02643354915683132
g1.g7.g5,0.02632979682576033
GEIM800109,0.02631658509120764
g3.g1.g6,0.025827253296163238
g2.g5.g7,0.02554679626646068
g5.g6.g7,0.025523860208100668
AURR980114,0.025496349794826068
g6.g4.g6,0.0253593625264057
g3.g2.g1,0.025346756575525098
g2.g1.g5,0.02533208608955736
g1.g7.g3,0.025026222672265324
FAUJ880105,0.024948554833835734
PALJ810108,0.024579925442819985
CHOP780204,0.024316004084100753
GEIM800102,0.02427920942941133
BUNA790102,0.024215319525072058
g3.g3.g5,0.02416446778713009
AURR980103,0.023943500594630036
MAXF760103,0.02383162672805017
AURR980120,0.023734636668038146
g2.g2.g4,0.023583763843397335
OOBM770104,0.023553275406920388
g7.g2.g4,0.023460366737593854
g3.g1.g4,0.023453266371790623
g4.g5.g4,0.023447756448892774
AURR980113,0.02334301292547351
g3.g7.g1,0.02304216131698807
g1.g4.g4,0.02303206571864108
LEVM780104,0.022907561115083835
AVBF000106,0.022806984875939244
g2.g5.g6,0.022767172852222694
g3.g2.g4,0.02274563654896685
RACS820112,0.022737390344537915
RACS820104,0.02268875195445971
g2.g3.g6,0.022545008078769795
CEDJ970101,0.02250430766302915
g2.g5.g3,0.021984528641277416
g2.g7.g4,0.02193329145385023
g7.g4.g1,0.021928418587467014
g7.g1.g2,0.02185636989575385
g6.g4.g1,0.021803058460790895
g5.g2.g3,0.021749366009406426
FUKS010109,0.02169154414647979
g4.g2.g2,0.021617144455976855
g4.g3.g4,0.021507868988441387
g1.g3.g2,0.021465436542806374
g4.g6.g2,0.02143174030426627
g1.g2.g7,0.02112652187669629
RADA880106,0.021117559929287297
g3.g5.g1,0.0210803992179819
g1.g5.g4,0.020816783701559448
g7.g4.g7,0.02078622060931025
g5.g1.g2,0.020674599198617923
OOBM770105,0.020632693698921196
QIAN880102,0.02058045456945657
g4.g4.g5,0.0205508014299515
RACS820103,0.020546173238559482
RICJ880117,0.020491006676583982
g4.g4.g1,0.02047361532130963
g1.g4.g7,0.020301817917387346
g6.g5.g3,0.02000836967807608
RICJ880106,0.01985391818804373
g3.g1.g5,0.019849317691407846
g6.g4.g5,0.01983754999562137
g4.g3.g5,0.019741701263839596
g5.g6.g6,0.01970733798549018
QIAN880106,0.019665411921290107
g7.g1.g4,0.019614433292879013
GRAR740103,0.019518260629023985
JUNJ780101,0.01947655185234651
g3.g2.g2,0.019299426528129302
g5.g1.g4,0.01904636240416923
g3.g3.g4,0.019036281534422144
g2.g1.g4,0.018978812457802405
g6.g2.g5,0.018931054393318273
g4.g2.g3,0.01876497960880182
AURR980108,0.018573930328308525
WERD780102,0.018568286615883133
g3.g6.g4,0.018349706236429168
g7.g4.g2,0.018288669312028005
TANS770107,0.018163091055024432
BULH740102,0.01811214752737519
g1.g2.g3,0.017981975170768688
g6.g2.g2,0.017937328128184295
g7.g7.g1,0.01776735323947945
RICJ880101,0.01759345304380355
RICJ880102,0.01759345304380355
g6.g7.g5,0.01751226530811276
MCMT640101,0.017392942705831454
g6.g3.g6,0.01731417185767744
g3.g4.g7,0.01728149271027018
g6.g6.g4,0.017197443981129767
TANS770101,0.017165616142933875
g5.g6.g1,0.017153825964539206
SUEM840101,0.017136099516432367
g1.g7.g4,0.017121781835156464
g6.g7.g6,0.017113480027274388
g5.g5.g7,0.017006799753478352
QIAN880126,0.0169602485386907
g4.g3.g6,0.016958817141452056
g1.g3.g6,0.01681426345687409
g6.g2.g1,0.016732650368831745
g2.g4.g3,0.01670218575921949
g7.g5.g2,0.016597116750214067
AURR980118,0.016545602241366652
PALJ810101,0.016445221543930594
g7.g2.g2,0.016321575216060973
g5.g7.g7,0.016294420010982424
g6.g5.g2,0.01626130977404222
g2.g7.g6,0.016259503533532296
FINA770101,0.016058900851015613
g1.g5.g1,0.016007836902890014
g3.g7.g7,0.01594453154335739
LAWE840101,0.01588882533171606
g4.g1.g5,0.0157990296964338
g3.g7.g2,0.0156272057256843
RICJ880103,0.01559857358745413
g6.g6.g2,0.015430617691116616
g5.g4.g7,0.015423027023577826
g7.g7.g2,0.015376566033263109
PALJ810102,0.015351915852215799
g6.g5.g4,0.01528114696069162
g4.g2.g4,0.015251488301275826
g7.g3.g1,0.015216595211937998
QIAN880107,0.015151429383500052
g2.g2.g3,0.014639222775634564
g4.g6.g7,0.014502081870615226
g4.g6.g1,0.014356197686832254
g7.g4.g5,0.014317014291738513
PRAM820103,0.014186533174950453
MUNV940102,0.014143377207167301
CHOP780214,0.014112045957841338
g6.g1.g6,0.014044756210652806
DAYM780101,0.013961439536728848
FINA910101,0.013945354314596993
g3.g2.g7,0.013860581624454553
g4.g1.g4,0.013835532140148092
AVBF000102,0.013814991249768352
g1.g4.g6,0.013780851344458304
g2.g2.g2,0.013679223990757716
g5.g1.g1,0.013672669169177771
g3.g6.g6,0.013572946237935132
g4.g3.g7,0.013512128226953314
g6.g1.g7,0.013319672677471472
g7.g3.g2,0.01326877739306782
g3.g7.g4,0.01323463631989491
ROBB760102,0.013218805814021805
g4.g1.g7,0.013201746194016132
g7.g3.g5,0.01308544191112271
g4.g7.g2,0.012905645839467671
SNEP660103,0.01283098379693117
g3.g6.g7,0.012674924837887395
g5.g1.g7,0.012584279259563572
g6.g4.g7,0.012561368346588884
g4.g4.g2,0.01251205566775786
g2.g6.g6,0.012479629212024475
g3.g6.g2,0.01242009706508395
g7.g3.g7,0.012312720127565152
AURR980109,0.012282895774018556
g1.g6.g7,0.012251336291865806
WILM950104,0.012178016818809976
LEVM760106,0.012172824176184097
g3.g3.g1,0.012111076447186451
g3.g1.g3,0.012024382280498899
g5.g3.g1,0.012019064336081142
g2.g4.g2,0.01199932569019681
g2.g4.g4,0.011994191360179565
g5.g2.g6,0.011979099741486995
g7.g7.g3,0.011956164771234002
KIMC930101,0.011949743485902144
g7.g2.g5,0.01191969635289688
g3.g5.g4,0.011871194346167773
g4.g3.g3,0.011842756501945823
QIAN880104,0.011808328546268407
g6.g3.g4,0.011782608164965899
AVBF000109,0.011683692360681194
g1.g2.g5,0.011656304642211842
g7.g6.g7,0.011501562373606595
RACS820108,0.011393715736028634
g3.g1.g7,0.011244422154352262
QIAN880109,0.011119631014848854
g1.g5.g3,0.011098809858289075
ONEK900101,0.011033329749325037
FAUJ880102,0.010874179682043964
g2.g6.g4,0.0106292009402928
g4.g4.g7,0.010263720866632919
g7.g5.g7,0.010186146671187933
g2.g5.g2,0.010141010859293755
g4.g5.g7,0.010123281954496256
g4.g7.g5,0.010113026546596722
g7.g7.g7,0.009804644420914185
ISOY800101,0.009731823437104315
g6.g6.g7,0.00969692090883695
AVBF000103,0.009540159341674709
g6.g6.g3,0.009437230234670895
g1.g6.g6,0.00935516848612977
g3.g7.g5,0.009305414200154497
g7.g2.g6,0.009268720253899257
KANM800101,0.009235336450317162
g3.g3.g7,0.009181805704407813
g1.g5.g2,0.009176756186571369
PALJ810116,0.009143551215412974
g7.g3.g4,0.009047384245508713
g2.g2.g7,0.009025965365553109
g3.g7.g6,0.009005786912584274
g5.g4.g1,0.00894867530245613
g5.g7.g2,0.008884845823609632
AURR980101,0.008877411396169143
ROBB760101,0.008700582140906993
QIAN880110,0.008676737854190536
g6.g7.g7,0.008664550097827604
CRAJ730101,0.008651104962592538
sheet,0.008542070039543288
VASM830101,0.008513214439914076
g7.g7.g4,0.008477054236193915
g3.g3.g6,0.00833910398898305
g7.g2.g3,0.008205514395787558
MUNV940101,0.008092570921134077
g6.g6.g5,0.007987411748816432
g7.g1.g5,0.007901406013144801
g1.g4.g3,0.007884180317942958
g6.g2.g7,0.00787121289982638
g7.g1.g6,0.00784713686705423
HUTJ700101,0.007792013378676499
g3.g4.g2,0.007776992254713737
RACS820114,0.0077144721039171795
g6.g2.g6,0.00768487424116529
g3.g5.g6,0.007591665678954976
g6.g5.g1,0.0075301350759769455
g2.g5.g1,0.007519211507349494
g2.g7.g2,0.007492022525338125
g6.g3.g3,0.007394746721408159
g6.g5.g6,0.007386755697558033
CEDJ970104,0.007384392665845876
LEWP710101,0.0072745994340702655
SNEP660104,0.007222822123685247
g4.g6.g5,0.00720521370548816
g4.g4.g6,0.007153923011455601
g2.g7.g1,0.007066032705157089
g4.g5.g6,0.007030414938650126
g2.g3.g2,0.006877546437698201
g6.g7.g4,0.006736427630873654
NAGK730101,0.006484712861601529
g7.g6.g2,0.006463814001967473
g7.g6.g6,0.0063313404088964475
RICJ880110,0.006228280476300959
g1.g7.g6,0.006205784654018865
JOND920101,0.006106602958755883
g4.g2.g5,0.005938768903002205
g7.g5.g1,0.0059296562999342495
g7.g4.g3,0.005885562392319002
g6.g4.g2,0.0057771147510562405
FASG760103,0.0057123233853919545
g2.g6.g2,0.005681440115339135
OOBM850102,0.005581924227422815
g2.g6.g3,0.005565376814183482
g7.g7.g6,0.005550960189744298
AVBF000108,0.005549397678616266
g4.g7.g4,0.005540310222810859
g6.g3.g2,0.005484642140588263
g3.g5.g7,0.005412881761089519
g4.g7.g7,0.005296600065422406
g5.g4.g4,0.005197725467481957
FAUJ880112,0.005091973742632817
g1.g5.g6,0.005090641461818114
QIAN880136,0.0050297709392377555
g7.g4.g4,0.005020774425214742
g7.g3.g6,0.004923522852290104
g3.g4.g6,0.0049119034063175625
g7.g5.g5,0.004806450775500954
g5.g7.g3,0.004762323599050731
CHOP780215,0.0047189462111881875
g7.g6.g3,0.004695708800596122
g2.g4.g6,0.004614331282727599
g1.g6.g5,0.0043627334535033275
g4.g7.g3,0.004126409818896702
g2.g7.g5,0.004113737942804318
g7.g3.g3,0.003975049454630586
g3.g6.g1,0.0039593402400728865
g2.g7.g3,0.0037960963854386486
NAKH900101,0.0037586577821056484
g5.g7.g1,0.003705084397921321
g7.g2.g1,0.003683641873206462
g5.g7.g5,0.0036091918300779637
g6.g7.g3,0.0035143106515507054
AVBF000105,0.0034570302717658345
g6.g1.g5,0.0033596564825735713
g7.g6.g1,0.003280300823329445
g5.g6.g4,0.003263894318525391
g6.g4.g4,0.003257495179382356
g5.g3.g7,0.00325531826856595
g7.g1.g7,0.0031205952501898045
BURA740101,0.0031053218192197423
g5.g2.g7,0.002893182200512896
g6.g5.g7,0.002848050795140748
g6.g2.g3,0.002649507297988587
g2.g7.g7,0.0026056909113796145
g1.g1.g5,0.0024996458928404756
g6.g4.g3,0.0023421807650336733
ROBB760104,0.0022514658609518686
g2.g6.g7,0.002244936964662709
g5.g7.g6,0.0021849516856023645
g1.g5.g7,0.0021537852882028098
QIAN880125,0.002098913128190976
g3.g7.g3,0.0020968699548548726
g7.g4.g6,0.0020895614325135317
CEDJ970102,0.001878547256463298
CHAM810101,0.001878423152285317
g2.g3.g7,0.0017904640536833367
g1.g7.g7,0.0017688504335760843
g6.g7.g2,0.001644865712176386
g5.g6.g3,0.0015362755851415558
QIAN880101,0.0015295667773076284
g7.g7.g5,0.0015194229774393429
g6.g3.g5,0.001517961073589108
CHOP780201,0.001512884039156553
SNEP660101,0.0014722089540017544
g4.g6.g4,0.001440646013621833
g7.g6.g4,0.0011969517876351218
g5.g1.g6,0.0011499557779117596
g4.g6.g3,0.001127040635442326
g4.g7.g6,0.0011032021173064345
g5.g2.g1,0.0010788072534025986
g7.g6.g5,0.0010715026235849873
g4.g5.g1,0.0010500263121348222
QIAN880112,0.0009736831580500712
g4.g3.g1,0.0008645601360881353
ROBB760111,0.0008528675041759924
g6.g7.g1,0.0008305682434531797
g4.g6.g6,0.0007489020520199727
g6.g6.g1,0.0007337238243270366
g2.g4.g7,0.0007064827197648873
g4.g2.g6,0.000701566666822027
g5.g7.g4,0.0005148284786501806
RACS820110,0.0003738029021890021
CHOP780212,0.000320588377008396
g1.g4.g5,0.00020276747832995992
g7.g5.g4,0.0001726563051767941
g3.g2.g6,0.00015649822577460526
g7.g2.g7,0.00014812964524826995
g7.g5.g3,0.0001371747465139493
g6.g2.g4,9.616674603677758e-05
